gene_id	gene_symbol	description	scientific_name	common_name	tax_id	genomic_range	orientation	location	gene_type	transcript_accession	transcript_name	transcript_length	transcript_cds_coords	protein_accession	isoform_name	protein_length	protein_name
101132604	INS	insulin	Gorilla gorilla	western gorilla	9593	NC_044613.1:1630819-1632254	-	chr 11	PROTEIN_CODING	XM_004050427.2	transcript variant X2	485	XM_004050427.2:80-412	XP_004050475.1	isoform X1	110	insulin
101132604	INS	insulin	Gorilla gorilla	western gorilla	9593	NC_044613.1:1630819-1632254	-	chr 11	PROTEIN_CODING	XM_019036300.1	transcript variant X3	535	XM_019036300.1:130-462	XP_018891845.1	isoform X1	110	insulin
101132604	INS	insulin	Gorilla gorilla	western gorilla	9593	NC_044613.1:1630819-1632254	-	chr 11	PROTEIN_CODING	XM_004050428.2	transcript variant X1	457	XM_004050428.2:54-386	XP_004050476.1	isoform X1	110	insulin
101132604	INS	insulin	Gorilla gorilla	western gorilla	9593	NC_044613.1:1630819-1632254	-	chr 11	PROTEIN_CODING	XM_019036301.1	transcript variant X4	297	XM_019036301.1:1-297	XP_018891846.1	isoform X2	98	insulin
