gene_id	gene_symbol	description	scientific_name	common_name	tax_id	genomic_range	orientation	location	gene_type	transcript_accession	transcript_name	transcript_length	transcript_cds_coords	protein_accession	isoform_name	protein_length	protein_name
105469786	INS	insulin	Macaca nemestrina	pig-tailed macaque	9545	NW_012013911.1:11353472-11354874	+	chr Un	PROTEIN_CODING	XM_011721318.1	transcript variant X3	532	XM_011721318.1:128-460	XP_011719620.1	isoform X1	110	insulin
105469786	INS	insulin	Macaca nemestrina	pig-tailed macaque	9545	NW_012013911.1:11353472-11354874	+	chr Un	PROTEIN_CODING	XM_011721317.1	transcript variant X2	482	XM_011721317.1:78-410	XP_011719619.1	isoform X1	110	insulin
105469786	INS	insulin	Macaca nemestrina	pig-tailed macaque	9545	NW_012013911.1:11353472-11354874	+	chr Un	PROTEIN_CODING	XM_011721316.1	transcript variant X1	454	XM_011721316.1:52-384	XP_011719618.1	isoform X1	110	insulin
105469786	INS	insulin	Macaca nemestrina	pig-tailed macaque	9545	NW_012013911.1:11353472-11354874	+	chr Un	PROTEIN_CODING	XM_011721319.1	transcript variant X4	297	XM_011721319.1:1-297	XP_011719621.1	isoform X2	98	insulin
